<?xml version='1.0' encoding='UTF-8'?>
<Rows>
<Row><Order_ID>CA-2016-100762</Order_ID> <Returned>Yes</Returned></Row>
<Row><Order_ID>CA-2016-100762</Order_ID> <Returned>Yes</Returned></Row>
<Row><Order_ID>CA-2016-100762</Order_ID> <Returned>Yes</Returned></Row>
<Row><Order_ID>CA-2016-100762</Order_ID> <Returned>Yes</Returned></Row>
<Row><Order_ID>CA-2016-100867</Order_ID> <Returned>Yes</Returned></Row>
<Row><Order_ID>CA-2016-102652</Order_ID> <Returned>Yes</Returned></Row>
<Row><Order_ID>CA-2016-102652</Order_ID> <Returned>Yes</Returned></Row>
<Row><Order_ID>CA-2016-102652</Order_ID> <Returned>Yes</Returned></Row>
<Row><Order_ID>CA-2016-102652</Order_ID> <Returned>Yes</Returned></Row>
<Row><Order_ID>CA-2016-103373</Order_ID> <Returned>Yes</Returned></Row>
<Row><Order_ID>CA-2016-103744</Order_ID> <Returned>Yes</Returned></Row>
<Row><Order_ID>CA-2016-103744</Order_ID> <Returned>Yes</Returned></Row>
<Row><Order_ID>CA-2016-103940</Order_ID> <Returned>Yes</Returned></Row>
<Row><Order_ID>CA-2016-103940</Order_ID> <Returned>Yes</Returned></Row>
<Row><Order_ID>CA-2016-103940</Order_ID> <Returned>Yes</Returned></Row>
<Row><Order_ID>CA-2016-103940</Order_ID> <Returned>Yes</Returned></Row>
<Row><Order_ID>CA-2016-104829</Order_ID> <Returned>Yes</Returned></Row>
<Row><Order_ID>CA-2016-105270</Order_ID> <Returned>Yes</Returned></Row>
<Row><Order_ID>CA-2016-105270</Order_ID> <Returned>Yes</Returned></Row>
<Row><Order_ID>CA-2016-108609</Order_ID> <Returned>Yes</Returned></Row>
<Row><Order_ID>CA-2016-108861</Order_ID> <Returned>Yes</Returned></Row>
<Row><Order_ID>CA-2016-109918</Order_ID> <Returned>Yes</Returned></Row>
<Row><Order_ID>CA-2016-109918</Order_ID> <Returned>Yes</Returned></Row>
<Row><Order_ID>CA-2016-109918</Order_ID> <Returned>Yes</Returned></Row>
<Row><Order_ID>CA-2016-110786</Order_ID> <Returned>Yes</Returned></Row>
<Row><Order_ID>CA-2016-110786</Order_ID> <Returned>Yes</Returned></Row>
<Row><Order_ID>CA-2016-110786</Order_ID> <Returned>Yes</Returned></Row>
<Row><Order_ID>CA-2016-110786</Order_ID> <Returned>Yes</Returned></Row>
<Row><Order_ID>CA-2016-110786</Order_ID> <Returned>Yes</Returned></Row>
<Row><Order_ID>CA-2016-110786</Order_ID> <Returned>Yes</Returned></Row>
<Row><Order_ID>CA-2016-110786</Order_ID> <Returned>Yes</Returned></Row>
<Row><Order_ID>CA-2016-111871</Order_ID> <Returned>Yes</Returned></Row>
<Row><Order_ID>CA-2016-116785</Order_ID> <Returned>Yes</Returned></Row>
<Row><Order_ID>CA-2016-116785</Order_ID> <Returned>Yes</Returned></Row>
<Row><Order_ID>CA-2016-123225</Order_ID> <Returned>Yes</Returned></Row>
<Row><Order_ID>CA-2016-123225</Order_ID> <Returned>Yes</Returned></Row>
<Row><Order_ID>CA-2016-123253</Order_ID> <Returned>Yes</Returned></Row>
<Row><Order_ID>CA-2016-123498</Order_ID> <Returned>Yes</Returned></Row>
<Row><Order_ID>CA-2016-123498</Order_ID> <Returned>Yes</Returned></Row>
<Row><Order_ID>CA-2016-124688</Order_ID> <Returned>Yes</Returned></Row>
<Row><Order_ID>CA-2016-124688</Order_ID> <Returned>Yes</Returned></Row>
<Row><Order_ID>CA-2016-124688</Order_ID> <Returned>Yes</Returned></Row>
<Row><Order_ID>CA-2016-126361</Order_ID> <Returned>Yes</Returned></Row>
<Row><Order_ID>CA-2016-126361</Order_ID> <Returned>Yes</Returned></Row>
<Row><Order_ID>CA-2016-126361</Order_ID> <Returned>Yes</Returned></Row>
<Row><Order_ID>CA-2016-126361</Order_ID> <Returned>Yes</Returned></Row>
<Row><Order_ID>CA-2016-126361</Order_ID> <Returned>Yes</Returned></Row>
<Row><Order_ID>CA-2016-126361</Order_ID> <Returned>Yes</Returned></Row>
<Row><Order_ID>CA-2016-126403</Order_ID> <Returned>Yes</Returned></Row>
<Row><Order_ID>CA-2016-126403</Order_ID> <Returned>Yes</Returned></Row>
<Row><Order_ID>CA-2016-126403</Order_ID> <Returned>Yes</Returned></Row>
<Row><Order_ID>CA-2016-126403</Order_ID> <Returned>Yes</Returned></Row>
<Row><Order_ID>CA-2016-126522</Order_ID> <Returned>Yes</Returned></Row>
<Row><Order_ID>CA-2016-127012</Order_ID> <Returned>Yes</Returned></Row>
<Row><Order_ID>CA-2016-127012</Order_ID> <Returned>Yes</Returned></Row>
<Row><Order_ID>CA-2016-127012</Order_ID> <Returned>Yes</Returned></Row>
<Row><Order_ID>CA-2016-127131</Order_ID> <Returned>Yes</Returned></Row>
<Row><Order_ID>CA-2016-127131</Order_ID> <Returned>Yes</Returned></Row>
<Row><Order_ID>CA-2016-127131</Order_ID> <Returned>Yes</Returned></Row>
<Row><Order_ID>CA-2016-127131</Order_ID> <Returned>Yes</Returned></Row>
<Row><Order_ID>CA-2016-133690</Order_ID> <Returned>Yes</Returned></Row>
<Row><Order_ID>CA-2016-133690</Order_ID> <Returned>Yes</Returned></Row>
<Row><Order_ID>CA-2016-134726</Order_ID> <Returned>Yes</Returned></Row>
<Row><Order_ID>CA-2016-134726</Order_ID> <Returned>Yes</Returned></Row>
<Row><Order_ID>CA-2016-135657</Order_ID> <Returned>Yes</Returned></Row>
<Row><Order_ID>CA-2016-135699</Order_ID> <Returned>Yes</Returned></Row>
<Row><Order_ID>CA-2016-135699</Order_ID> <Returned>Yes</Returned></Row>
<Row><Order_ID>CA-2016-140816</Order_ID> <Returned>Yes</Returned></Row>
<Row><Order_ID>CA-2016-141726</Order_ID> <Returned>Yes</Returned></Row>
<Row><Order_ID>CA-2016-141726</Order_ID> <Returned>Yes</Returned></Row>
<Row><Order_ID>CA-2016-141726</Order_ID> <Returned>Yes</Returned></Row>
<Row><Order_ID>CA-2016-141726</Order_ID> <Returned>Yes</Returned></Row>
<Row><Order_ID>CA-2016-142769</Order_ID> <Returned>Yes</Returned></Row>
<Row><Order_ID>CA-2016-142769</Order_ID> <Returned>Yes</Returned></Row>
<Row><Order_ID>CA-2016-142769</Order_ID> <Returned>Yes</Returned></Row>
<Row><Order_ID>CA-2016-142769</Order_ID> <Returned>Yes</Returned></Row>
<Row><Order_ID>CA-2016-142769</Order_ID> <Returned>Yes</Returned></Row>
<Row><Order_ID>CA-2016-142769</Order_ID> <Returned>Yes</Returned></Row>
<Row><Order_ID>CA-2016-142769</Order_ID> <Returned>Yes</Returned></Row>
<Row><Order_ID>CA-2016-142769</Order_ID> <Returned>Yes</Returned></Row>
<Row><Order_ID>CA-2016-143336</Order_ID> <Returned>Yes</Returned></Row>
<Row><Order_ID>CA-2016-143336</Order_ID> <Returned>Yes</Returned></Row>
<Row><Order_ID>CA-2016-143336</Order_ID> <Returned>Yes</Returned></Row>
<Row><Order_ID>CA-2016-143840</Order_ID> <Returned>Yes</Returned></Row>
<Row><Order_ID>CA-2016-143840</Order_ID> <Returned>Yes</Returned></Row>
<Row><Order_ID>CA-2016-148614</Order_ID> <Returned>Yes</Returned></Row>
<Row><Order_ID>CA-2016-148614</Order_ID> <Returned>Yes</Returned></Row>
<Row><Order_ID>CA-2016-148950</Order_ID> <Returned>Yes</Returned></Row>
<Row><Order_ID>CA-2016-148950</Order_ID> <Returned>Yes</Returned></Row>
<Row><Order_ID>CA-2016-148950</Order_ID> <Returned>Yes</Returned></Row>
<Row><Order_ID>CA-2016-151162</Order_ID> <Returned>Yes</Returned></Row>
<Row><Order_ID>CA-2016-151162</Order_ID> <Returned>Yes</Returned></Row>
<Row><Order_ID>CA-2016-151162</Order_ID> <Returned>Yes</Returned></Row>
<Row><Order_ID>CA-2016-151162</Order_ID> <Returned>Yes</Returned></Row>
<Row><Order_ID>CA-2016-151162</Order_ID> <Returned>Yes</Returned></Row>
<Row><Order_ID>CA-2016-152345</Order_ID> <Returned>Yes</Returned></Row>
<Row><Order_ID>CA-2016-152345</Order_ID> <Returned>Yes</Returned></Row>
<Row><Order_ID>CA-2016-153150</Order_ID> <Returned>Yes</Returned></Row>
<Row><Order_ID>CA-2016-156349</Order_ID> <Returned>Yes</Returned></Row>
<Row><Order_ID>CA-2016-156349</Order_ID> <Returned>Yes</Returned></Row>
<Row><Order_ID>CA-2016-156349</Order_ID> <Returned>Yes</Returned></Row>
<Row><Order_ID>CA-2016-157924</Order_ID> <Returned>Yes</Returned></Row>
<Row><Order_ID>CA-2016-157924</Order_ID> <Returned>Yes</Returned></Row>
<Row><Order_ID>CA-2016-159338</Order_ID> <Returned>Yes</Returned></Row>
<Row><Order_ID>CA-2016-160766</Order_ID> <Returned>Yes</Returned></Row>
<Row><Order_ID>CA-2016-160766</Order_ID> <Returned>Yes</Returned></Row>
<Row><Order_ID>CA-2016-160766</Order_ID> <Returned>Yes</Returned></Row>
<Row><Order_ID>CA-2016-160766</Order_ID> <Returned>Yes</Returned></Row>
<Row><Order_ID>CA-2016-160766</Order_ID> <Returned>Yes</Returned></Row>
<Row><Order_ID>CA-2016-160766</Order_ID> <Returned>Yes</Returned></Row>
<Row><Order_ID>CA-2016-160766</Order_ID> <Returned>Yes</Returned></Row>
<Row><Order_ID>CA-2016-160773</Order_ID> <Returned>Yes</Returned></Row>
<Row><Order_ID>CA-2016-160773</Order_ID> <Returned>Yes</Returned></Row>
<Row><Order_ID>CA-2016-164721</Order_ID> <Returned>Yes</Returned></Row>
<Row><Order_ID>CA-2016-164721</Order_ID> <Returned>Yes</Returned></Row>
<Row><Order_ID>CA-2016-164721</Order_ID> <Returned>Yes</Returned></Row>
<Row><Order_ID>CA-2016-164861</Order_ID> <Returned>Yes</Returned></Row>
<Row><Order_ID>CA-2016-166744</Order_ID> <Returned>Yes</Returned></Row>
<Row><Order_ID>CA-2016-166744</Order_ID> <Returned>Yes</Returned></Row>
<Row><Order_ID>CA-2016-166744</Order_ID> <Returned>Yes</Returned></Row>
<Row><Order_ID>CA-2016-169019</Order_ID> <Returned>Yes</Returned></Row>
<Row><Order_ID>CA-2016-169019</Order_ID> <Returned>Yes</Returned></Row>
<Row><Order_ID>CA-2016-169019</Order_ID> <Returned>Yes</Returned></Row>
<Row><Order_ID>CA-2016-169019</Order_ID> <Returned>Yes</Returned></Row>
<Row><Order_ID>CA-2016-169019</Order_ID> <Returned>Yes</Returned></Row>
<Row><Order_ID>CA-2016-169019</Order_ID> <Returned>Yes</Returned></Row>
<Row><Order_ID>CA-2017-101910</Order_ID> <Returned>Yes</Returned></Row>
<Row><Order_ID>CA-2017-103716</Order_ID> <Returned>Yes</Returned></Row>
<Row><Order_ID>CA-2017-103716</Order_ID> <Returned>Yes</Returned></Row>
<Row><Order_ID>CA-2017-104129</Order_ID> <Returned>Yes</Returned></Row>
<Row><Order_ID>CA-2017-104129</Order_ID> <Returned>Yes</Returned></Row>
<Row><Order_ID>CA-2017-105158</Order_ID> <Returned>Yes</Returned></Row>
<Row><Order_ID>CA-2017-105158</Order_ID> <Returned>Yes</Returned></Row>
<Row><Order_ID>CA-2017-107678</Order_ID> <Returned>Yes</Returned></Row>
<Row><Order_ID>CA-2017-107678</Order_ID> <Returned>Yes</Returned></Row>
<Row><Order_ID>CA-2017-107678</Order_ID> <Returned>Yes</Returned></Row>
<Row><Order_ID>CA-2017-107678</Order_ID> <Returned>Yes</Returned></Row>
<Row><Order_ID>CA-2017-109736</Order_ID> <Returned>Yes</Returned></Row>
<Row><Order_ID>CA-2017-110814</Order_ID> <Returned>Yes</Returned></Row>
<Row><Order_ID>CA-2017-110814</Order_ID> <Returned>Yes</Returned></Row>
<Row><Order_ID>CA-2017-110814</Order_ID> <Returned>Yes</Returned></Row>
<Row><Order_ID>CA-2017-111948</Order_ID> <Returned>Yes</Returned></Row>
<Row><Order_ID>CA-2017-111948</Order_ID> <Returned>Yes</Returned></Row>
<Row><Order_ID>CA-2017-112144</Order_ID> <Returned>Yes</Returned></Row>
<Row><Order_ID>CA-2017-112144</Order_ID> <Returned>Yes</Returned></Row>
<Row><Order_ID>CA-2017-113628</Order_ID> <Returned>Yes</Returned></Row>
<Row><Order_ID>CA-2017-113628</Order_ID> <Returned>Yes</Returned></Row>
<Row><Order_ID>CA-2017-113628</Order_ID> <Returned>Yes</Returned></Row>
<Row><Order_ID>CA-2017-113628</Order_ID> <Returned>Yes</Returned></Row>
<Row><Order_ID>CA-2017-113628</Order_ID> <Returned>Yes</Returned></Row>
<Row><Order_ID>CA-2017-113628</Order_ID> <Returned>Yes</Returned></Row>
<Row><Order_ID>CA-2017-114048</Order_ID> <Returned>Yes</Returned></Row>
<Row><Order_ID>CA-2017-116092</Order_ID> <Returned>Yes</Returned></Row>
<Row><Order_ID>CA-2017-116092</Order_ID> <Returned>Yes</Returned></Row>
<Row><Order_ID>CA-2017-116092</Order_ID> <Returned>Yes</Returned></Row>
<Row><Order_ID>CA-2017-116092</Order_ID> <Returned>Yes</Returned></Row>
<Row><Order_ID>CA-2017-116092</Order_ID> <Returned>Yes</Returned></Row>
<Row><Order_ID>CA-2017-119214</Order_ID> <Returned>Yes</Returned></Row>
<Row><Order_ID>CA-2017-119214</Order_ID> <Returned>Yes</Returned></Row>
<Row><Order_ID>CA-2017-119907</Order_ID> <Returned>Yes</Returned></Row>
<Row><Order_ID>CA-2017-123568</Order_ID> <Returned>Yes</Returned></Row>
<Row><Order_ID>CA-2017-123568</Order_ID> <Returned>Yes</Returned></Row>
<Row><Order_ID>CA-2017-123568</Order_ID> <Returned>Yes</Returned></Row>
<Row><Order_ID>CA-2017-123568</Order_ID> <Returned>Yes</Returned></Row>
<Row><Order_ID>CA-2017-124058</Order_ID> <Returned>Yes</Returned></Row>
<Row><Order_ID>CA-2017-124058</Order_ID> <Returned>Yes</Returned></Row>
<Row><Order_ID>CA-2017-130456</Order_ID> <Returned>Yes</Returned></Row>
<Row><Order_ID>CA-2017-130456</Order_ID> <Returned>Yes</Returned></Row>
<Row><Order_ID>CA-2017-130785</Order_ID> <Returned>Yes</Returned></Row>
<Row><Order_ID>CA-2017-130785</Order_ID> <Returned>Yes</Returned></Row>
<Row><Order_ID>CA-2017-130785</Order_ID> <Returned>Yes</Returned></Row>
<Row><Order_ID>CA-2017-132374</Order_ID> <Returned>Yes</Returned></Row>
<Row><Order_ID>CA-2017-132941</Order_ID> <Returned>Yes</Returned></Row>
<Row><Order_ID>CA-2017-132941</Order_ID> <Returned>Yes</Returned></Row>
<Row><Order_ID>CA-2017-132941</Order_ID> <Returned>Yes</Returned></Row>
<Row><Order_ID>CA-2017-134075</Order_ID> <Returned>Yes</Returned></Row>
<Row><Order_ID>CA-2017-134075</Order_ID> <Returned>Yes</Returned></Row>
<Row><Order_ID>CA-2017-134201</Order_ID> <Returned>Yes</Returned></Row>
<Row><Order_ID>CA-2017-134201</Order_ID> <Returned>Yes</Returned></Row>
<Row><Order_ID>CA-2017-135580</Order_ID> <Returned>Yes</Returned></Row>
<Row><Order_ID>CA-2017-135580</Order_ID> <Returned>Yes</Returned></Row>
<Row><Order_ID>CA-2017-135580</Order_ID> <Returned>Yes</Returned></Row>
<Row><Order_ID>CA-2017-135580</Order_ID> <Returned>Yes</Returned></Row>
<Row><Order_ID>CA-2017-135580</Order_ID> <Returned>Yes</Returned></Row>
<Row><Order_ID>CA-2017-138674</Order_ID> <Returned>Yes</Returned></Row>
<Row><Order_ID>CA-2017-138674</Order_ID> <Returned>Yes</Returned></Row>
<Row><Order_ID>CA-2017-138674</Order_ID> <Returned>Yes</Returned></Row>
<Row><Order_ID>CA-2017-139731</Order_ID> <Returned>Yes</Returned></Row>
<Row><Order_ID>CA-2017-139731</Order_ID> <Returned>Yes</Returned></Row>
<Row><Order_ID>CA-2017-140984</Order_ID> <Returned>Yes</Returned></Row>
<Row><Order_ID>CA-2017-140984</Order_ID> <Returned>Yes</Returned></Row>
<Row><Order_ID>CA-2017-140984</Order_ID> <Returned>Yes</Returned></Row>
<Row><Order_ID>CA-2017-141593</Order_ID> <Returned>Yes</Returned></Row>
<Row><Order_ID>CA-2017-141593</Order_ID> <Returned>Yes</Returned></Row>
<Row><Order_ID>CA-2017-141593</Order_ID> <Returned>Yes</Returned></Row>
<Row><Order_ID>CA-2017-141593</Order_ID> <Returned>Yes</Returned></Row>
<Row><Order_ID>CA-2017-142601</Order_ID> <Returned>Yes</Returned></Row>
<Row><Order_ID>CA-2017-142601</Order_ID> <Returned>Yes</Returned></Row>
<Row><Order_ID>CA-2017-143238</Order_ID> <Returned>Yes</Returned></Row>
<Row><Order_ID>CA-2017-143490</Order_ID> <Returned>Yes</Returned></Row>
<Row><Order_ID>CA-2017-143490</Order_ID> <Returned>Yes</Returned></Row>
<Row><Order_ID>CA-2017-143602</Order_ID> <Returned>Yes</Returned></Row>
<Row><Order_ID>CA-2017-144267</Order_ID> <Returned>Yes</Returned></Row>
<Row><Order_ID>CA-2017-144267</Order_ID> <Returned>Yes</Returned></Row>
<Row><Order_ID>CA-2017-144267</Order_ID> <Returned>Yes</Returned></Row>
<Row><Order_ID>CA-2017-144267</Order_ID> <Returned>Yes</Returned></Row>
<Row><Order_ID>CA-2017-146255</Order_ID> <Returned>Yes</Returned></Row>
<Row><Order_ID>CA-2017-146255</Order_ID> <Returned>Yes</Returned></Row>
<Row><Order_ID>CA-2017-146255</Order_ID> <Returned>Yes</Returned></Row>
<Row><Order_ID>CA-2017-146255</Order_ID> <Returned>Yes</Returned></Row>
<Row><Order_ID>CA-2017-146262</Order_ID> <Returned>Yes</Returned></Row>
<Row><Order_ID>CA-2017-146262</Order_ID> <Returned>Yes</Returned></Row>
<Row><Order_ID>CA-2017-146262</Order_ID> <Returned>Yes</Returned></Row>
<Row><Order_ID>CA-2017-146262</Order_ID> <Returned>Yes</Returned></Row>
<Row><Order_ID>CA-2017-146262</Order_ID> <Returned>Yes</Returned></Row>
<Row><Order_ID>CA-2017-146486</Order_ID> <Returned>Yes</Returned></Row>
<Row><Order_ID>CA-2017-146486</Order_ID> <Returned>Yes</Returned></Row>
<Row><Order_ID>CA-2017-146486</Order_ID> <Returned>Yes</Returned></Row>
<Row><Order_ID>CA-2017-146486</Order_ID> <Returned>Yes</Returned></Row>
<Row><Order_ID>CA-2017-148873</Order_ID> <Returned>Yes</Returned></Row>
<Row><Order_ID>CA-2017-148873</Order_ID> <Returned>Yes</Returned></Row>
<Row><Order_ID>CA-2017-149342</Order_ID> <Returned>Yes</Returned></Row>
<Row><Order_ID>CA-2017-149342</Order_ID> <Returned>Yes</Returned></Row>
<Row><Order_ID>CA-2017-149342</Order_ID> <Returned>Yes</Returned></Row>
<Row><Order_ID>CA-2017-149636</Order_ID> <Returned>Yes</Returned></Row>
<Row><Order_ID>CA-2017-149636</Order_ID> <Returned>Yes</Returned></Row>
<Row><Order_ID>CA-2017-149650</Order_ID> <Returned>Yes</Returned></Row>
<Row><Order_ID>CA-2017-150770</Order_ID> <Returned>Yes</Returned></Row>
<Row><Order_ID>CA-2017-150770</Order_ID> <Returned>Yes</Returned></Row>
<Row><Order_ID>CA-2017-150770</Order_ID> <Returned>Yes</Returned></Row>
<Row><Order_ID>CA-2017-150770</Order_ID> <Returned>Yes</Returned></Row>
<Row><Order_ID>CA-2017-150875</Order_ID> <Returned>Yes</Returned></Row>
<Row><Order_ID>CA-2017-150875</Order_ID> <Returned>Yes</Returned></Row>
<Row><Order_ID>CA-2017-151547</Order_ID> <Returned>Yes</Returned></Row>
<Row><Order_ID>CA-2017-153220</Order_ID> <Returned>Yes</Returned></Row>
<Row><Order_ID>CA-2017-154970</Order_ID> <Returned>Yes</Returned></Row>
<Row><Order_ID>CA-2017-155761</Order_ID> <Returned>Yes</Returned></Row>
<Row><Order_ID>CA-2017-155761</Order_ID> <Returned>Yes</Returned></Row>
<Row><Order_ID>CA-2017-156440</Order_ID> <Returned>Yes</Returned></Row>
<Row><Order_ID>CA-2017-157770</Order_ID> <Returned>Yes</Returned></Row>
<Row><Order_ID>CA-2017-157770</Order_ID> <Returned>Yes</Returned></Row>
<Row><Order_ID>CA-2017-157770</Order_ID> <Returned>Yes</Returned></Row>
<Row><Order_ID>CA-2017-157770</Order_ID> <Returned>Yes</Returned></Row>
<Row><Order_ID>CA-2017-157812</Order_ID> <Returned>Yes</Returned></Row>
<Row><Order_ID>CA-2017-157812</Order_ID> <Returned>Yes</Returned></Row>
<Row><Order_ID>CA-2017-157812</Order_ID> <Returned>Yes</Returned></Row>
<Row><Order_ID>CA-2017-161627</Order_ID> <Returned>Yes</Returned></Row>
<Row><Order_ID>CA-2017-162166</Order_ID> <Returned>Yes</Returned></Row>
<Row><Order_ID>CA-2017-162166</Order_ID> <Returned>Yes</Returned></Row>
<Row><Order_ID>CA-2017-164882</Order_ID> <Returned>Yes</Returned></Row>
<Row><Order_ID>CA-2017-164882</Order_ID> <Returned>Yes</Returned></Row>
<Row><Order_ID>CA-2017-164882</Order_ID> <Returned>Yes</Returned></Row>
<Row><Order_ID>CA-2017-164882</Order_ID> <Returned>Yes</Returned></Row>
<Row><Order_ID>CA-2017-164882</Order_ID> <Returned>Yes</Returned></Row>
<Row><Order_ID>CA-2017-164882</Order_ID> <Returned>Yes</Returned></Row>
<Row><Order_ID>CA-2017-164882</Order_ID> <Returned>Yes</Returned></Row>
<Row><Order_ID>CA-2017-164882</Order_ID> <Returned>Yes</Returned></Row>
<Row><Order_ID>CA-2017-164882</Order_ID> <Returned>Yes</Returned></Row>
<Row><Order_ID>CA-2017-168480</Order_ID> <Returned>Yes</Returned></Row>
<Row><Order_ID>CA-2017-168480</Order_ID> <Returned>Yes</Returned></Row>
<Row><Order_ID>CA-2017-168564</Order_ID> <Returned>Yes</Returned></Row>
<Row><Order_ID>CA-2017-168564</Order_ID> <Returned>Yes</Returned></Row>
<Row><Order_ID>CA-2017-168564</Order_ID> <Returned>Yes</Returned></Row>
<Row><Order_ID>CA-2017-169397</Order_ID> <Returned>Yes</Returned></Row>
<Row><Order_ID>CA-2017-169397</Order_ID> <Returned>Yes</Returned></Row>
<Row><Order_ID>CA-2017-169397</Order_ID> <Returned>Yes</Returned></Row>
<Row><Order_ID>CA-2017-169397</Order_ID> <Returned>Yes</Returned></Row>
<Row><Order_ID>CA-2017-169397</Order_ID> <Returned>Yes</Returned></Row>
<Row><Order_ID>CA-2017-169397</Order_ID> <Returned>Yes</Returned></Row>
<Row><Order_ID>CA-2018-104689</Order_ID> <Returned>Yes</Returned></Row>
<Row><Order_ID>CA-2018-105081</Order_ID> <Returned>Yes</Returned></Row>
<Row><Order_ID>CA-2018-105081</Order_ID> <Returned>Yes</Returned></Row>
<Row><Order_ID>CA-2018-105291</Order_ID> <Returned>Yes</Returned></Row>
<Row><Order_ID>CA-2018-105585</Order_ID> <Returned>Yes</Returned></Row>
<Row><Order_ID>CA-2018-105585</Order_ID> <Returned>Yes</Returned></Row>
<Row><Order_ID>CA-2018-106950</Order_ID> <Returned>Yes</Returned></Row>
<Row><Order_ID>CA-2018-106950</Order_ID> <Returned>Yes</Returned></Row>
<Row><Order_ID>CA-2018-106950</Order_ID> <Returned>Yes</Returned></Row>
<Row><Order_ID>CA-2018-106950</Order_ID> <Returned>Yes</Returned></Row>
<Row><Order_ID>CA-2018-106950</Order_ID> <Returned>Yes</Returned></Row>
<Row><Order_ID>CA-2018-106950</Order_ID> <Returned>Yes</Returned></Row>
<Row><Order_ID>CA-2018-109806</Order_ID> <Returned>Yes</Returned></Row>
<Row><Order_ID>CA-2018-109806</Order_ID> <Returned>Yes</Returned></Row>
<Row><Order_ID>CA-2018-109806</Order_ID> <Returned>Yes</Returned></Row>
<Row><Order_ID>CA-2018-109869</Order_ID> <Returned>Yes</Returned></Row>
<Row><Order_ID>CA-2018-109869</Order_ID> <Returned>Yes</Returned></Row>
<Row><Order_ID>CA-2018-109869</Order_ID> <Returned>Yes</Returned></Row>
<Row><Order_ID>CA-2018-109869</Order_ID> <Returned>Yes</Returned></Row>
<Row><Order_ID>CA-2018-109869</Order_ID> <Returned>Yes</Returned></Row>
<Row><Order_ID>CA-2018-111682</Order_ID> <Returned>Yes</Returned></Row>
<Row><Order_ID>CA-2018-111682</Order_ID> <Returned>Yes</Returned></Row>
<Row><Order_ID>CA-2018-111682</Order_ID> <Returned>Yes</Returned></Row>
<Row><Order_ID>CA-2018-111682</Order_ID> <Returned>Yes</Returned></Row>
<Row><Order_ID>CA-2018-111682</Order_ID> <Returned>Yes</Returned></Row>
<Row><Order_ID>CA-2018-111682</Order_ID> <Returned>Yes</Returned></Row>
<Row><Order_ID>CA-2018-111682</Order_ID> <Returned>Yes</Returned></Row>
<Row><Order_ID>CA-2018-112123</Order_ID> <Returned>Yes</Returned></Row>
<Row><Order_ID>CA-2018-112123</Order_ID> <Returned>Yes</Returned></Row>
<Row><Order_ID>CA-2018-112123</Order_ID> <Returned>Yes</Returned></Row>
<Row><Order_ID>CA-2018-112340</Order_ID> <Returned>Yes</Returned></Row>
<Row><Order_ID>CA-2018-113341</Order_ID> <Returned>Yes</Returned></Row>
<Row><Order_ID>CA-2018-114307</Order_ID> <Returned>Yes</Returned></Row>
<Row><Order_ID>CA-2018-114307</Order_ID> <Returned>Yes</Returned></Row>
<Row><Order_ID>CA-2018-114307</Order_ID> <Returned>Yes</Returned></Row>
<Row><Order_ID>CA-2018-114307</Order_ID> <Returned>Yes</Returned></Row>
<Row><Order_ID>CA-2018-114727</Order_ID> <Returned>Yes</Returned></Row>
<Row><Order_ID>CA-2018-114727</Order_ID> <Returned>Yes</Returned></Row>
<Row><Order_ID>CA-2018-114727</Order_ID> <Returned>Yes</Returned></Row>
<Row><Order_ID>CA-2018-114727</Order_ID> <Returned>Yes</Returned></Row>
<Row><Order_ID>CA-2018-114727</Order_ID> <Returned>Yes</Returned></Row>
<Row><Order_ID>CA-2018-115917</Order_ID> <Returned>Yes</Returned></Row>
<Row><Order_ID>CA-2018-115917</Order_ID> <Returned>Yes</Returned></Row>
<Row><Order_ID>CA-2018-116547</Order_ID> <Returned>Yes</Returned></Row>
<Row><Order_ID>CA-2018-116547</Order_ID> <Returned>Yes</Returned></Row>
<Row><Order_ID>CA-2018-116736</Order_ID> <Returned>Yes</Returned></Row>
<Row><Order_ID>CA-2018-116736</Order_ID> <Returned>Yes</Returned></Row>
<Row><Order_ID>CA-2018-116736</Order_ID> <Returned>Yes</Returned></Row>
<Row><Order_ID>CA-2018-118311</Order_ID> <Returned>Yes</Returned></Row>
<Row><Order_ID>CA-2018-118500</Order_ID> <Returned>Yes</Returned></Row>
<Row><Order_ID>CA-2018-118899</Order_ID> <Returned>Yes</Returned></Row>
<Row><Order_ID>CA-2018-120873</Order_ID> <Returned>Yes</Returned></Row>
<Row><Order_ID>CA-2018-123526</Order_ID> <Returned>Yes</Returned></Row>
<Row><Order_ID>CA-2018-124527</Order_ID> <Returned>Yes</Returned></Row>
<Row><Order_ID>CA-2018-126529</Order_ID> <Returned>Yes</Returned></Row>
<Row><Order_ID>CA-2018-126529</Order_ID> <Returned>Yes</Returned></Row>
<Row><Order_ID>CA-2018-126529</Order_ID> <Returned>Yes</Returned></Row>
<Row><Order_ID>CA-2018-126732</Order_ID> <Returned>Yes</Returned></Row>
<Row><Order_ID>CA-2018-126732</Order_ID> <Returned>Yes</Returned></Row>
<Row><Order_ID>CA-2018-126732</Order_ID> <Returned>Yes</Returned></Row>
<Row><Order_ID>CA-2018-126732</Order_ID> <Returned>Yes</Returned></Row>
<Row><Order_ID>CA-2018-126732</Order_ID> <Returned>Yes</Returned></Row>
<Row><Order_ID>CA-2018-126732</Order_ID> <Returned>Yes</Returned></Row>
<Row><Order_ID>CA-2018-128671</Order_ID> <Returned>Yes</Returned></Row>
<Row><Order_ID>CA-2018-128671</Order_ID> <Returned>Yes</Returned></Row>
<Row><Order_ID>CA-2018-128671</Order_ID> <Returned>Yes</Returned></Row>
<Row><Order_ID>CA-2018-130477</Order_ID> <Returned>Yes</Returned></Row>
<Row><Order_ID>CA-2018-130477</Order_ID> <Returned>Yes</Returned></Row>
<Row><Order_ID>CA-2018-130477</Order_ID> <Returned>Yes</Returned></Row>
<Row><Order_ID>CA-2018-130638</Order_ID> <Returned>Yes</Returned></Row>
<Row><Order_ID>CA-2018-130638</Order_ID> <Returned>Yes</Returned></Row>
<Row><Order_ID>CA-2018-130680</Order_ID> <Returned>Yes</Returned></Row>
<Row><Order_ID>CA-2018-133319</Order_ID> <Returned>Yes</Returned></Row>
<Row><Order_ID>CA-2018-133368</Order_ID> <Returned>Yes</Returned></Row>
<Row><Order_ID>CA-2018-133368</Order_ID> <Returned>Yes</Returned></Row>
<Row><Order_ID>CA-2018-133802</Order_ID> <Returned>Yes</Returned></Row>
<Row><Order_ID>CA-2018-134775</Order_ID> <Returned>Yes</Returned></Row>
<Row><Order_ID>CA-2018-134775</Order_ID> <Returned>Yes</Returned></Row>
<Row><Order_ID>CA-2018-134803</Order_ID> <Returned>Yes</Returned></Row>
<Row><Order_ID>CA-2018-134803</Order_ID> <Returned>Yes</Returned></Row>
<Row><Order_ID>CA-2018-134803</Order_ID> <Returned>Yes</Returned></Row>
<Row><Order_ID>CA-2018-134803</Order_ID> <Returned>Yes</Returned></Row>
<Row><Order_ID>CA-2018-134803</Order_ID> <Returned>Yes</Returned></Row>
<Row><Order_ID>CA-2018-136483</Order_ID> <Returned>Yes</Returned></Row>
<Row><Order_ID>CA-2018-136924</Order_ID> <Returned>Yes</Returned></Row>
<Row><Order_ID>CA-2018-138282</Order_ID> <Returned>Yes</Returned></Row>
<Row><Order_ID>CA-2018-139269</Order_ID> <Returned>Yes</Returned></Row>
<Row><Order_ID>CA-2018-139269</Order_ID> <Returned>Yes</Returned></Row>
<Row><Order_ID>CA-2018-139269</Order_ID> <Returned>Yes</Returned></Row>
<Row><Order_ID>CA-2018-142398</Order_ID> <Returned>Yes</Returned></Row>
<Row><Order_ID>CA-2018-142398</Order_ID> <Returned>Yes</Returned></Row>
<Row><Order_ID>CA-2018-145261</Order_ID> <Returned>Yes</Returned></Row>
<Row><Order_ID>CA-2018-145261</Order_ID> <Returned>Yes</Returned></Row>
<Row><Order_ID>CA-2018-145261</Order_ID> <Returned>Yes</Returned></Row>
<Row><Order_ID>CA-2018-145261</Order_ID> <Returned>Yes</Returned></Row>
<Row><Order_ID>CA-2018-145261</Order_ID> <Returned>Yes</Returned></Row>
<Row><Order_ID>CA-2018-145261</Order_ID> <Returned>Yes</Returned></Row>
<Row><Order_ID>CA-2018-145261</Order_ID> <Returned>Yes</Returned></Row>
<Row><Order_ID>CA-2018-145492</Order_ID> <Returned>Yes</Returned></Row>
<Row><Order_ID>CA-2018-145583</Order_ID> <Returned>Yes</Returned></Row>
<Row><Order_ID>CA-2018-145583</Order_ID> <Returned>Yes</Returned></Row>
<Row><Order_ID>CA-2018-145583</Order_ID> <Returned>Yes</Returned></Row>
<Row><Order_ID>CA-2018-145583</Order_ID> <Returned>Yes</Returned></Row>
<Row><Order_ID>CA-2018-145583</Order_ID> <Returned>Yes</Returned></Row>
<Row><Order_ID>CA-2018-145583</Order_ID> <Returned>Yes</Returned></Row>
<Row><Order_ID>CA-2018-145583</Order_ID> <Returned>Yes</Returned></Row>
<Row><Order_ID>CA-2018-145919</Order_ID> <Returned>Yes</Returned></Row>
<Row><Order_ID>CA-2018-145919</Order_ID> <Returned>Yes</Returned></Row>
<Row><Order_ID>CA-2018-145919</Order_ID> <Returned>Yes</Returned></Row>
<Row><Order_ID>CA-2018-145982</Order_ID> <Returned>Yes</Returned></Row>
<Row><Order_ID>CA-2018-145982</Order_ID> <Returned>Yes</Returned></Row>
<Row><Order_ID>CA-2018-145982</Order_ID> <Returned>Yes</Returned></Row>
<Row><Order_ID>CA-2018-145982</Order_ID> <Returned>Yes</Returned></Row>
<Row><Order_ID>CA-2018-145982</Order_ID> <Returned>Yes</Returned></Row>
<Row><Order_ID>CA-2018-145982</Order_ID> <Returned>Yes</Returned></Row>
<Row><Order_ID>CA-2018-147375</Order_ID> <Returned>Yes</Returned></Row>
<Row><Order_ID>CA-2018-147375</Order_ID> <Returned>Yes</Returned></Row>
<Row><Order_ID>CA-2018-148796</Order_ID> <Returned>Yes</Returned></Row>
<Row><Order_ID>CA-2018-150077</Order_ID> <Returned>Yes</Returned></Row>
<Row><Order_ID>CA-2018-151323</Order_ID> <Returned>Yes</Returned></Row>
<Row><Order_ID>CA-2018-151372</Order_ID> <Returned>Yes</Returned></Row>
<Row><Order_ID>CA-2018-151372</Order_ID> <Returned>Yes</Returned></Row>
<Row><Order_ID>CA-2018-151372</Order_ID> <Returned>Yes</Returned></Row>
<Row><Order_ID>CA-2018-152814</Order_ID> <Returned>Yes</Returned></Row>
<Row><Order_ID>CA-2018-157280</Order_ID> <Returned>Yes</Returned></Row>
<Row><Order_ID>CA-2018-157280</Order_ID> <Returned>Yes</Returned></Row>
<Row><Order_ID>CA-2018-157280</Order_ID> <Returned>Yes</Returned></Row>
<Row><Order_ID>CA-2018-159023</Order_ID> <Returned>Yes</Returned></Row>
<Row><Order_ID>CA-2018-159023</Order_ID> <Returned>Yes</Returned></Row>
<Row><Order_ID>CA-2018-159212</Order_ID> <Returned>Yes</Returned></Row>
<Row><Order_ID>CA-2018-159212</Order_ID> <Returned>Yes</Returned></Row>
<Row><Order_ID>CA-2018-159345</Order_ID> <Returned>Yes</Returned></Row>
<Row><Order_ID>CA-2018-161746</Order_ID> <Returned>Yes</Returned></Row>
<Row><Order_ID>CA-2018-161746</Order_ID> <Returned>Yes</Returned></Row>
<Row><Order_ID>CA-2018-161746</Order_ID> <Returned>Yes</Returned></Row>
<Row><Order_ID>CA-2018-161746</Order_ID> <Returned>Yes</Returned></Row>
<Row><Order_ID>CA-2018-162138</Order_ID> <Returned>Yes</Returned></Row>
<Row><Order_ID>CA-2018-162138</Order_ID> <Returned>Yes</Returned></Row>
<Row><Order_ID>CA-2018-162159</Order_ID> <Returned>Yes</Returned></Row>
<Row><Order_ID>CA-2018-165330</Order_ID> <Returned>Yes</Returned></Row>
<Row><Order_ID>CA-2018-165330</Order_ID> <Returned>Yes</Returned></Row>
<Row><Order_ID>CA-2018-165330</Order_ID> <Returned>Yes</Returned></Row>
<Row><Order_ID>CA-2018-165330</Order_ID> <Returned>Yes</Returned></Row>
<Row><Order_ID>CA-2018-165330</Order_ID> <Returned>Yes</Returned></Row>
<Row><Order_ID>CA-2018-165330</Order_ID> <Returned>Yes</Returned></Row>
<Row><Order_ID>CA-2018-165330</Order_ID> <Returned>Yes</Returned></Row>
<Row><Order_ID>CA-2018-165330</Order_ID> <Returned>Yes</Returned></Row>
<Row><Order_ID>CA-2018-165330</Order_ID> <Returned>Yes</Returned></Row>
<Row><Order_ID>CA-2018-165330</Order_ID> <Returned>Yes</Returned></Row>
<Row><Order_ID>CA-2018-165330</Order_ID> <Returned>Yes</Returned></Row>
<Row><Order_ID>CA-2018-166275</Order_ID> <Returned>Yes</Returned></Row>
<Row><Order_ID>CA-2018-167759</Order_ID> <Returned>Yes</Returned></Row>
<Row><Order_ID>CA-2018-168921</Order_ID> <Returned>Yes</Returned></Row>
<Row><Order_ID>CA-2019-100111</Order_ID> <Returned>Yes</Returned></Row>
<Row><Order_ID>CA-2019-100111</Order_ID> <Returned>Yes</Returned></Row>
<Row><Order_ID>CA-2019-100111</Order_ID> <Returned>Yes</Returned></Row>
<Row><Order_ID>CA-2019-100111</Order_ID> <Returned>Yes</Returned></Row>
<Row><Order_ID>CA-2019-100111</Order_ID> <Returned>Yes</Returned></Row>
<Row><Order_ID>CA-2019-100111</Order_ID> <Returned>Yes</Returned></Row>
<Row><Order_ID>CA-2019-100111</Order_ID> <Returned>Yes</Returned></Row>
<Row><Order_ID>CA-2019-100111</Order_ID> <Returned>Yes</Returned></Row>
<Row><Order_ID>CA-2019-100111</Order_ID> <Returned>Yes</Returned></Row>
<Row><Order_ID>CA-2019-100111</Order_ID> <Returned>Yes</Returned></Row>
<Row><Order_ID>CA-2019-100111</Order_ID> <Returned>Yes</Returned></Row>
<Row><Order_ID>CA-2019-100111</Order_ID> <Returned>Yes</Returned></Row>
<Row><Order_ID>CA-2019-100111</Order_ID> <Returned>Yes</Returned></Row>
<Row><Order_ID>CA-2019-100111</Order_ID> <Returned>Yes</Returned></Row>
<Row><Order_ID>CA-2019-101273</Order_ID> <Returned>Yes</Returned></Row>
<Row><Order_ID>CA-2019-101574</Order_ID> <Returned>Yes</Returned></Row>
<Row><Order_ID>CA-2019-101700</Order_ID> <Returned>Yes</Returned></Row>
<Row><Order_ID>CA-2019-101700</Order_ID> <Returned>Yes</Returned></Row>
<Row><Order_ID>CA-2019-101805</Order_ID> <Returned>Yes</Returned></Row>
<Row><Order_ID>CA-2019-101805</Order_ID> <Returned>Yes</Returned></Row>
<Row><Order_ID>CA-2019-101805</Order_ID> <Returned>Yes</Returned></Row>
<Row><Order_ID>CA-2019-102519</Order_ID> <Returned>Yes</Returned></Row>
<Row><Order_ID>CA-2019-102519</Order_ID> <Returned>Yes</Returned></Row>
<Row><Order_ID>CA-2019-103380</Order_ID> <Returned>Yes</Returned></Row>
<Row><Order_ID>CA-2019-103380</Order_ID> <Returned>Yes</Returned></Row>
<Row><Order_ID>CA-2019-103380</Order_ID> <Returned>Yes</Returned></Row>
<Row><Order_ID>CA-2019-103380</Order_ID> <Returned>Yes</Returned></Row>
<Row><Order_ID>CA-2019-103380</Order_ID> <Returned>Yes</Returned></Row>
<Row><Order_ID>CA-2019-107825</Order_ID> <Returned>Yes</Returned></Row>
<Row><Order_ID>CA-2019-107825</Order_ID> <Returned>Yes</Returned></Row>
<Row><Order_ID>CA-2019-107825</Order_ID> <Returned>Yes</Returned></Row>
<Row><Order_ID>CA-2019-107825</Order_ID> <Returned>Yes</Returned></Row>
<Row><Order_ID>CA-2019-108294</Order_ID> <Returned>Yes</Returned></Row>
<Row><Order_ID>CA-2019-108931</Order_ID> <Returned>Yes</Returned></Row>
<Row><Order_ID>CA-2019-108931</Order_ID> <Returned>Yes</Returned></Row>
<Row><Order_ID>CA-2019-109085</Order_ID> <Returned>Yes</Returned></Row>
<Row><Order_ID>CA-2019-109085</Order_ID> <Returned>Yes</Returned></Row>
<Row><Order_ID>CA-2019-109085</Order_ID> <Returned>Yes</Returned></Row>
<Row><Order_ID>CA-2019-109085</Order_ID> <Returned>Yes</Returned></Row>
<Row><Order_ID>CA-2019-109085</Order_ID> <Returned>Yes</Returned></Row>
<Row><Order_ID>CA-2019-111556</Order_ID> <Returned>Yes</Returned></Row>
<Row><Order_ID>CA-2019-111556</Order_ID> <Returned>Yes</Returned></Row>
<Row><Order_ID>CA-2019-111556</Order_ID> <Returned>Yes</Returned></Row>
<Row><Order_ID>CA-2019-111556</Order_ID> <Returned>Yes</Returned></Row>
<Row><Order_ID>CA-2019-112725</Order_ID> <Returned>Yes</Returned></Row>
<Row><Order_ID>CA-2019-112725</Order_ID> <Returned>Yes</Returned></Row>
<Row><Order_ID>CA-2019-112725</Order_ID> <Returned>Yes</Returned></Row>
<Row><Order_ID>CA-2019-112753</Order_ID> <Returned>Yes</Returned></Row>
<Row><Order_ID>CA-2019-112753</Order_ID> <Returned>Yes</Returned></Row>
<Row><Order_ID>CA-2019-112865</Order_ID> <Returned>Yes</Returned></Row>
<Row><Order_ID>CA-2019-113670</Order_ID> <Returned>Yes</Returned></Row>
<Row><Order_ID>CA-2019-113670</Order_ID> <Returned>Yes</Returned></Row>
<Row><Order_ID>CA-2019-115427</Order_ID> <Returned>Yes</Returned></Row>
<Row><Order_ID>CA-2019-115427</Order_ID> <Returned>Yes</Returned></Row>
<Row><Order_ID>CA-2019-115994</Order_ID> <Returned>Yes</Returned></Row>
<Row><Order_ID>CA-2019-115994</Order_ID> <Returned>Yes</Returned></Row>
<Row><Order_ID>CA-2019-117212</Order_ID> <Returned>Yes</Returned></Row>
<Row><Order_ID>CA-2019-117212</Order_ID> <Returned>Yes</Returned></Row>
<Row><Order_ID>CA-2019-117212</Order_ID> <Returned>Yes</Returned></Row>
<Row><Order_ID>CA-2019-117212</Order_ID> <Returned>Yes</Returned></Row>
<Row><Order_ID>CA-2019-117212</Order_ID> <Returned>Yes</Returned></Row>
<Row><Order_ID>CA-2019-117513</Order_ID> <Returned>Yes</Returned></Row>
<Row><Order_ID>CA-2019-117926</Order_ID> <Returned>Yes</Returned></Row>
<Row><Order_ID>CA-2019-118122</Order_ID> <Returned>Yes</Returned></Row>
<Row><Order_ID>CA-2019-118542</Order_ID> <Returned>Yes</Returned></Row>
<Row><Order_ID>CA-2019-118542</Order_ID> <Returned>Yes</Returned></Row>
<Row><Order_ID>CA-2019-119284</Order_ID> <Returned>Yes</Returned></Row>
<Row><Order_ID>CA-2019-119284</Order_ID> <Returned>Yes</Returned></Row>
<Row><Order_ID>CA-2019-119284</Order_ID> <Returned>Yes</Returned></Row>
<Row><Order_ID>CA-2019-119284</Order_ID> <Returned>Yes</Returned></Row>
<Row><Order_ID>CA-2019-119284</Order_ID> <Returned>Yes</Returned></Row>
<Row><Order_ID>CA-2019-119284</Order_ID> <Returned>Yes</Returned></Row>
<Row><Order_ID>CA-2019-119284</Order_ID> <Returned>Yes</Returned></Row>
<Row><Order_ID>CA-2019-121258</Order_ID> <Returned>Yes</Returned></Row>
<Row><Order_ID>CA-2019-121258</Order_ID> <Returned>Yes</Returned></Row>
<Row><Order_ID>CA-2019-121258</Order_ID> <Returned>Yes</Returned></Row>
<Row><Order_ID>CA-2019-121853</Order_ID> <Returned>Yes</Returned></Row>
<Row><Order_ID>CA-2019-121853</Order_ID> <Returned>Yes</Returned></Row>
<Row><Order_ID>CA-2019-121853</Order_ID> <Returned>Yes</Returned></Row>
<Row><Order_ID>CA-2019-122007</Order_ID> <Returned>Yes</Returned></Row>
<Row><Order_ID>CA-2019-122504</Order_ID> <Returned>Yes</Returned></Row>
<Row><Order_ID>CA-2019-122504</Order_ID> <Returned>Yes</Returned></Row>
<Row><Order_ID>CA-2019-123085</Order_ID> <Returned>Yes</Returned></Row>
<Row><Order_ID>CA-2019-123085</Order_ID> <Returned>Yes</Returned></Row>
<Row><Order_ID>CA-2019-123491</Order_ID> <Returned>Yes</Returned></Row>
<Row><Order_ID>CA-2019-123491</Order_ID> <Returned>Yes</Returned></Row>
<Row><Order_ID>CA-2019-123491</Order_ID> <Returned>Yes</Returned></Row>
<Row><Order_ID>CA-2019-123491</Order_ID> <Returned>Yes</Returned></Row>
<Row><Order_ID>CA-2019-123491</Order_ID> <Returned>Yes</Returned></Row>
<Row><Order_ID>CA-2019-123491</Order_ID> <Returned>Yes</Returned></Row>
<Row><Order_ID>CA-2019-124401</Order_ID> <Returned>Yes</Returned></Row>
<Row><Order_ID>CA-2019-124401</Order_ID> <Returned>Yes</Returned></Row>
<Row><Order_ID>CA-2019-127306</Order_ID> <Returned>Yes</Returned></Row>
<Row><Order_ID>CA-2019-127306</Order_ID> <Returned>Yes</Returned></Row>
<Row><Order_ID>CA-2019-127306</Order_ID> <Returned>Yes</Returned></Row>
<Row><Order_ID>CA-2019-127306</Order_ID> <Returned>Yes</Returned></Row>
<Row><Order_ID>CA-2019-127306</Order_ID> <Returned>Yes</Returned></Row>
<Row><Order_ID>CA-2019-128965</Order_ID> <Returned>Yes</Returned></Row>
<Row><Order_ID>CA-2019-128965</Order_ID> <Returned>Yes</Returned></Row>
<Row><Order_ID>CA-2019-128965</Order_ID> <Returned>Yes</Returned></Row>
<Row><Order_ID>CA-2019-128965</Order_ID> <Returned>Yes</Returned></Row>
<Row><Order_ID>CA-2019-128965</Order_ID> <Returned>Yes</Returned></Row>
<Row><Order_ID>CA-2019-128965</Order_ID> <Returned>Yes</Returned></Row>
<Row><Order_ID>CA-2019-129707</Order_ID> <Returned>Yes</Returned></Row>
<Row><Order_ID>CA-2019-130631</Order_ID> <Returned>Yes</Returned></Row>
<Row><Order_ID>CA-2019-130631</Order_ID> <Returned>Yes</Returned></Row>
<Row><Order_ID>CA-2019-131492</Order_ID> <Returned>Yes</Returned></Row>
<Row><Order_ID>CA-2019-131492</Order_ID> <Returned>Yes</Returned></Row>
<Row><Order_ID>CA-2019-131492</Order_ID> <Returned>Yes</Returned></Row>
<Row><Order_ID>CA-2019-131492</Order_ID> <Returned>Yes</Returned></Row>
<Row><Order_ID>CA-2019-131618</Order_ID> <Returned>Yes</Returned></Row>
<Row><Order_ID>CA-2019-131618</Order_ID> <Returned>Yes</Returned></Row>
<Row><Order_ID>CA-2019-131618</Order_ID> <Returned>Yes</Returned></Row>
<Row><Order_ID>CA-2019-131807</Order_ID> <Returned>Yes</Returned></Row>
<Row><Order_ID>CA-2019-131807</Order_ID> <Returned>Yes</Returned></Row>
<Row><Order_ID>CA-2019-131807</Order_ID> <Returned>Yes</Returned></Row>
<Row><Order_ID>CA-2019-131807</Order_ID> <Returned>Yes</Returned></Row>
<Row><Order_ID>CA-2019-131807</Order_ID> <Returned>Yes</Returned></Row>
<Row><Order_ID>CA-2019-131807</Order_ID> <Returned>Yes</Returned></Row>
<Row><Order_ID>CA-2019-131828</Order_ID> <Returned>Yes</Returned></Row>
<Row><Order_ID>CA-2019-131828</Order_ID> <Returned>Yes</Returned></Row>
<Row><Order_ID>CA-2019-132346</Order_ID> <Returned>Yes</Returned></Row>
<Row><Order_ID>CA-2019-134194</Order_ID> <Returned>Yes</Returned></Row>
<Row><Order_ID>CA-2019-134194</Order_ID> <Returned>Yes</Returned></Row>
<Row><Order_ID>CA-2019-134194</Order_ID> <Returned>Yes</Returned></Row>
<Row><Order_ID>CA-2019-134194</Order_ID> <Returned>Yes</Returned></Row>
<Row><Order_ID>CA-2019-134194</Order_ID> <Returned>Yes</Returned></Row>
<Row><Order_ID>CA-2019-135692</Order_ID> <Returned>Yes</Returned></Row>
<Row><Order_ID>CA-2019-135692</Order_ID> <Returned>Yes</Returned></Row>
<Row><Order_ID>CA-2019-136308</Order_ID> <Returned>Yes</Returned></Row>
<Row><Order_ID>CA-2019-136539</Order_ID> <Returned>Yes</Returned></Row>
<Row><Order_ID>CA-2019-136539</Order_ID> <Returned>Yes</Returned></Row>
<Row><Order_ID>CA-2019-136651</Order_ID> <Returned>Yes</Returned></Row>
<Row><Order_ID>CA-2019-136651</Order_ID> <Returned>Yes</Returned></Row>
<Row><Order_ID>CA-2019-136651</Order_ID> <Returned>Yes</Returned></Row>
<Row><Order_ID>CA-2019-137085</Order_ID> <Returned>Yes</Returned></Row>
<Row><Order_ID>CA-2019-137099</Order_ID> <Returned>Yes</Returned></Row>
<Row><Order_ID>CA-2019-137414</Order_ID> <Returned>Yes</Returned></Row>
<Row><Order_ID>CA-2019-137414</Order_ID> <Returned>Yes</Returned></Row>
<Row><Order_ID>CA-2019-137428</Order_ID> <Returned>Yes</Returned></Row>
<Row><Order_ID>CA-2019-137428</Order_ID> <Returned>Yes</Returned></Row>
<Row><Order_ID>CA-2019-137428</Order_ID> <Returned>Yes</Returned></Row>
<Row><Order_ID>CA-2019-137428</Order_ID> <Returned>Yes</Returned></Row>
<Row><Order_ID>CA-2019-138163</Order_ID> <Returned>Yes</Returned></Row>
<Row><Order_ID>CA-2019-140053</Order_ID> <Returned>Yes</Returned></Row>
<Row><Order_ID>CA-2019-140151</Order_ID> <Returned>Yes</Returned></Row>
<Row><Order_ID>CA-2019-140151</Order_ID> <Returned>Yes</Returned></Row>
<Row><Order_ID>CA-2019-140151</Order_ID> <Returned>Yes</Returned></Row>
<Row><Order_ID>CA-2019-140186</Order_ID> <Returned>Yes</Returned></Row>
<Row><Order_ID>CA-2019-140186</Order_ID> <Returned>Yes</Returned></Row>
<Row><Order_ID>CA-2019-140186</Order_ID> <Returned>Yes</Returned></Row>
<Row><Order_ID>CA-2019-140186</Order_ID> <Returned>Yes</Returned></Row>
<Row><Order_ID>CA-2019-140186</Order_ID> <Returned>Yes</Returned></Row>
<Row><Order_ID>CA-2019-140585</Order_ID> <Returned>Yes</Returned></Row>
<Row><Order_ID>CA-2019-140585</Order_ID> <Returned>Yes</Returned></Row>
<Row><Order_ID>CA-2019-140585</Order_ID> <Returned>Yes</Returned></Row>
<Row><Order_ID>CA-2019-140963</Order_ID> <Returned>Yes</Returned></Row>
<Row><Order_ID>CA-2019-140963</Order_ID> <Returned>Yes</Returned></Row>
<Row><Order_ID>CA-2019-140963</Order_ID> <Returned>Yes</Returned></Row>
<Row><Order_ID>CA-2019-141929</Order_ID> <Returned>Yes</Returned></Row>
<Row><Order_ID>CA-2019-141929</Order_ID> <Returned>Yes</Returned></Row>
<Row><Order_ID>CA-2019-141929</Order_ID> <Returned>Yes</Returned></Row>
<Row><Order_ID>CA-2019-142328</Order_ID> <Returned>Yes</Returned></Row>
<Row><Order_ID>CA-2019-142342</Order_ID> <Returned>Yes</Returned></Row>
<Row><Order_ID>CA-2019-142342</Order_ID> <Returned>Yes</Returned></Row>
<Row><Order_ID>CA-2019-142342</Order_ID> <Returned>Yes</Returned></Row>
<Row><Order_ID>CA-2019-142342</Order_ID> <Returned>Yes</Returned></Row>
<Row><Order_ID>CA-2019-142867</Order_ID> <Returned>Yes</Returned></Row>
<Row><Order_ID>CA-2019-142867</Order_ID> <Returned>Yes</Returned></Row>
<Row><Order_ID>CA-2019-142888</Order_ID> <Returned>Yes</Returned></Row>
<Row><Order_ID>CA-2019-143084</Order_ID> <Returned>Yes</Returned></Row>
<Row><Order_ID>CA-2019-143084</Order_ID> <Returned>Yes</Returned></Row>
<Row><Order_ID>CA-2019-144064</Order_ID> <Returned>Yes</Returned></Row>
<Row><Order_ID>CA-2019-144064</Order_ID> <Returned>Yes</Returned></Row>
<Row><Order_ID>CA-2019-144064</Order_ID> <Returned>Yes</Returned></Row>
<Row><Order_ID>CA-2019-145128</Order_ID> <Returned>Yes</Returned></Row>
<Row><Order_ID>CA-2019-145772</Order_ID> <Returned>Yes</Returned></Row>
<Row><Order_ID>CA-2019-145772</Order_ID> <Returned>Yes</Returned></Row>
<Row><Order_ID>CA-2019-145772</Order_ID> <Returned>Yes</Returned></Row>
<Row><Order_ID>CA-2019-147452</Order_ID> <Returned>Yes</Returned></Row>
<Row><Order_ID>CA-2019-147452</Order_ID> <Returned>Yes</Returned></Row>
<Row><Order_ID>CA-2019-147452</Order_ID> <Returned>Yes</Returned></Row>
<Row><Order_ID>CA-2019-150609</Order_ID> <Returned>Yes</Returned></Row>
<Row><Order_ID>CA-2019-150910</Order_ID> <Returned>Yes</Returned></Row>
<Row><Order_ID>CA-2019-150910</Order_ID> <Returned>Yes</Returned></Row>
<Row><Order_ID>CA-2019-150910</Order_ID> <Returned>Yes</Returned></Row>
<Row><Order_ID>CA-2019-150910</Order_ID> <Returned>Yes</Returned></Row>
<Row><Order_ID>CA-2019-150910</Order_ID> <Returned>Yes</Returned></Row>
<Row><Order_ID>CA-2019-152660</Order_ID> <Returned>Yes</Returned></Row>
<Row><Order_ID>CA-2019-153822</Order_ID> <Returned>Yes</Returned></Row>
<Row><Order_ID>CA-2019-153822</Order_ID> <Returned>Yes</Returned></Row>
<Row><Order_ID>CA-2019-153822</Order_ID> <Returned>Yes</Returned></Row>
<Row><Order_ID>CA-2019-153822</Order_ID> <Returned>Yes</Returned></Row>
<Row><Order_ID>CA-2019-154074</Order_ID> <Returned>Yes</Returned></Row>
<Row><Order_ID>CA-2019-154074</Order_ID> <Returned>Yes</Returned></Row>
<Row><Order_ID>CA-2019-154214</Order_ID> <Returned>Yes</Returned></Row>
<Row><Order_ID>CA-2019-154949</Order_ID> <Returned>Yes</Returned></Row>
<Row><Order_ID>CA-2019-155712</Order_ID> <Returned>Yes</Returned></Row>
<Row><Order_ID>CA-2019-156391</Order_ID> <Returned>Yes</Returned></Row>
<Row><Order_ID>CA-2019-156958</Order_ID> <Returned>Yes</Returned></Row>
<Row><Order_ID>CA-2019-156958</Order_ID> <Returned>Yes</Returned></Row>
<Row><Order_ID>CA-2019-156958</Order_ID> <Returned>Yes</Returned></Row>
<Row><Order_ID>CA-2019-156958</Order_ID> <Returned>Yes</Returned></Row>
<Row><Order_ID>CA-2019-156958</Order_ID> <Returned>Yes</Returned></Row>
<Row><Order_ID>CA-2019-157196</Order_ID> <Returned>Yes</Returned></Row>
<Row><Order_ID>CA-2019-158729</Order_ID> <Returned>Yes</Returned></Row>
<Row><Order_ID>CA-2019-159954</Order_ID> <Returned>Yes</Returned></Row>
<Row><Order_ID>CA-2019-161459</Order_ID> <Returned>Yes</Returned></Row>
<Row><Order_ID>CA-2019-161459</Order_ID> <Returned>Yes</Returned></Row>
<Row><Order_ID>CA-2019-161557</Order_ID> <Returned>Yes</Returned></Row>
<Row><Order_ID>CA-2019-161956</Order_ID> <Returned>Yes</Returned></Row>
<Row><Order_ID>CA-2019-161956</Order_ID> <Returned>Yes</Returned></Row>
<Row><Order_ID>CA-2019-161956</Order_ID> <Returned>Yes</Returned></Row>
<Row><Order_ID>CA-2019-161956</Order_ID> <Returned>Yes</Returned></Row>
<Row><Order_ID>CA-2019-161956</Order_ID> <Returned>Yes</Returned></Row>
<Row><Order_ID>CA-2019-161956</Order_ID> <Returned>Yes</Returned></Row>
<Row><Order_ID>CA-2019-161956</Order_ID> <Returned>Yes</Returned></Row>
<Row><Order_ID>CA-2019-161956</Order_ID> <Returned>Yes</Returned></Row>
<Row><Order_ID>CA-2019-162015</Order_ID> <Returned>Yes</Returned></Row>
<Row><Order_ID>CA-2019-162015</Order_ID> <Returned>Yes</Returned></Row>
<Row><Order_ID>CA-2019-165008</Order_ID> <Returned>Yes</Returned></Row>
<Row><Order_ID>CA-2019-165491</Order_ID> <Returned>Yes</Returned></Row>
<Row><Order_ID>CA-2019-166093</Order_ID> <Returned>Yes</Returned></Row>
<Row><Order_ID>CA-2019-166093</Order_ID> <Returned>Yes</Returned></Row>
<Row><Order_ID>CA-2019-166093</Order_ID> <Returned>Yes</Returned></Row>
<Row><Order_ID>CA-2019-166093</Order_ID> <Returned>Yes</Returned></Row>
<Row><Order_ID>CA-2019-166093</Order_ID> <Returned>Yes</Returned></Row>
<Row><Order_ID>CA-2019-166093</Order_ID> <Returned>Yes</Returned></Row>
<Row><Order_ID>CA-2019-166093</Order_ID> <Returned>Yes</Returned></Row>
<Row><Order_ID>CA-2019-166142</Order_ID> <Returned>Yes</Returned></Row>
<Row><Order_ID>CA-2019-166142</Order_ID> <Returned>Yes</Returned></Row>
<Row><Order_ID>CA-2019-166898</Order_ID> <Returned>Yes</Returned></Row>
<Row><Order_ID>CA-2019-166898</Order_ID> <Returned>Yes</Returned></Row>
<Row><Order_ID>CA-2019-167003</Order_ID> <Returned>Yes</Returned></Row>
<Row><Order_ID>CA-2019-167395</Order_ID> <Returned>Yes</Returned></Row>
<Row><Order_ID>CA-2019-167395</Order_ID> <Returned>Yes</Returned></Row>
<Row><Order_ID>CA-2019-167395</Order_ID> <Returned>Yes</Returned></Row>
<Row><Order_ID>CA-2019-168193</Order_ID> <Returned>Yes</Returned></Row>
<Row><Order_ID>CA-2019-168193</Order_ID> <Returned>Yes</Returned></Row>
<Row><Order_ID>CA-2019-169327</Order_ID> <Returned>Yes</Returned></Row>
<Row><Order_ID>CA-2019-169327</Order_ID> <Returned>Yes</Returned></Row>
<Row><Order_ID>CA-2019-169327</Order_ID> <Returned>Yes</Returned></Row>
<Row><Order_ID>CA-2019-169859</Order_ID> <Returned>Yes</Returned></Row>
<Row><Order_ID>CA-2019-169859</Order_ID> <Returned>Yes</Returned></Row>
<Row><Order_ID>CA-2019-169859</Order_ID> <Returned>Yes</Returned></Row>
<Row><Order_ID>CA-2019-169894</Order_ID> <Returned>Yes</Returned></Row>
<Row><Order_ID>CA-2019-169894</Order_ID> <Returned>Yes</Returned></Row>
<Row><Order_ID>US-2016-105137</Order_ID> <Returned>Yes</Returned></Row>
<Row><Order_ID>US-2016-105137</Order_ID> <Returned>Yes</Returned></Row>
<Row><Order_ID>US-2016-138758</Order_ID> <Returned>Yes</Returned></Row>
<Row><Order_ID>US-2016-138758</Order_ID> <Returned>Yes</Returned></Row>
<Row><Order_ID>US-2016-140452</Order_ID> <Returned>Yes</Returned></Row>
<Row><Order_ID>US-2016-140452</Order_ID> <Returned>Yes</Returned></Row>
<Row><Order_ID>US-2016-140452</Order_ID> <Returned>Yes</Returned></Row>
<Row><Order_ID>US-2016-140452</Order_ID> <Returned>Yes</Returned></Row>
<Row><Order_ID>US-2016-140452</Order_ID> <Returned>Yes</Returned></Row>
<Row><Order_ID>US-2016-140452</Order_ID> <Returned>Yes</Returned></Row>
<Row><Order_ID>US-2016-143287</Order_ID> <Returned>Yes</Returned></Row>
<Row><Order_ID>US-2016-143287</Order_ID> <Returned>Yes</Returned></Row>
<Row><Order_ID>US-2016-143287</Order_ID> <Returned>Yes</Returned></Row>
<Row><Order_ID>US-2016-150574</Order_ID> <Returned>Yes</Returned></Row>
<Row><Order_ID>US-2016-150574</Order_ID> <Returned>Yes</Returned></Row>
<Row><Order_ID>US-2016-164406</Order_ID> <Returned>Yes</Returned></Row>
<Row><Order_ID>US-2016-164406</Order_ID> <Returned>Yes</Returned></Row>
<Row><Order_ID>US-2016-164406</Order_ID> <Returned>Yes</Returned></Row>
<Row><Order_ID>US-2016-164406</Order_ID> <Returned>Yes</Returned></Row>
<Row><Order_ID>US-2016-164406</Order_ID> <Returned>Yes</Returned></Row>
<Row><Order_ID>US-2016-164763</Order_ID> <Returned>Yes</Returned></Row>
<Row><Order_ID>US-2016-164763</Order_ID> <Returned>Yes</Returned></Row>
<Row><Order_ID>US-2016-164763</Order_ID> <Returned>Yes</Returned></Row>
<Row><Order_ID>US-2016-164763</Order_ID> <Returned>Yes</Returned></Row>
<Row><Order_ID>US-2016-164763</Order_ID> <Returned>Yes</Returned></Row>
<Row><Order_ID>US-2017-110569</Order_ID> <Returned>Yes</Returned></Row>
<Row><Order_ID>US-2017-110569</Order_ID> <Returned>Yes</Returned></Row>
<Row><Order_ID>US-2017-126214</Order_ID> <Returned>Yes</Returned></Row>
<Row><Order_ID>US-2017-126214</Order_ID> <Returned>Yes</Returned></Row>
<Row><Order_ID>US-2017-128090</Order_ID> <Returned>Yes</Returned></Row>
<Row><Order_ID>US-2017-128090</Order_ID> <Returned>Yes</Returned></Row>
<Row><Order_ID>US-2017-128090</Order_ID> <Returned>Yes</Returned></Row>
<Row><Order_ID>US-2017-128090</Order_ID> <Returned>Yes</Returned></Row>
<Row><Order_ID>US-2017-136749</Order_ID> <Returned>Yes</Returned></Row>
<Row><Order_ID>US-2017-136749</Order_ID> <Returned>Yes</Returned></Row>
<Row><Order_ID>US-2017-136987</Order_ID> <Returned>Yes</Returned></Row>
<Row><Order_ID>US-2017-136987</Order_ID> <Returned>Yes</Returned></Row>
<Row><Order_ID>US-2017-137008</Order_ID> <Returned>Yes</Returned></Row>
<Row><Order_ID>US-2017-137008</Order_ID> <Returned>Yes</Returned></Row>
<Row><Order_ID>US-2017-137008</Order_ID> <Returned>Yes</Returned></Row>
<Row><Order_ID>US-2017-160857</Order_ID> <Returned>Yes</Returned></Row>
<Row><Order_ID>US-2017-160857</Order_ID> <Returned>Yes</Returned></Row>
<Row><Order_ID>US-2017-160857</Order_ID> <Returned>Yes</Returned></Row>
<Row><Order_ID>US-2017-160857</Order_ID> <Returned>Yes</Returned></Row>
<Row><Order_ID>US-2017-160857</Order_ID> <Returned>Yes</Returned></Row>
<Row><Order_ID>US-2018-105578</Order_ID> <Returned>Yes</Returned></Row>
<Row><Order_ID>US-2018-105578</Order_ID> <Returned>Yes</Returned></Row>
<Row><Order_ID>US-2018-105578</Order_ID> <Returned>Yes</Returned></Row>
<Row><Order_ID>US-2018-105578</Order_ID> <Returned>Yes</Returned></Row>
<Row><Order_ID>US-2018-105578</Order_ID> <Returned>Yes</Returned></Row>
<Row><Order_ID>US-2018-108455</Order_ID> <Returned>Yes</Returned></Row>
<Row><Order_ID>US-2018-108455</Order_ID> <Returned>Yes</Returned></Row>
<Row><Order_ID>US-2018-108455</Order_ID> <Returned>Yes</Returned></Row>
<Row><Order_ID>US-2018-111528</Order_ID> <Returned>Yes</Returned></Row>
<Row><Order_ID>US-2018-111528</Order_ID> <Returned>Yes</Returned></Row>
<Row><Order_ID>US-2018-114230</Order_ID> <Returned>Yes</Returned></Row>
<Row><Order_ID>US-2018-114293</Order_ID> <Returned>Yes</Returned></Row>
<Row><Order_ID>US-2018-115952</Order_ID> <Returned>Yes</Returned></Row>
<Row><Order_ID>US-2018-119046</Order_ID> <Returned>Yes</Returned></Row>
<Row><Order_ID>US-2018-119046</Order_ID> <Returned>Yes</Returned></Row>
<Row><Order_ID>US-2018-119046</Order_ID> <Returned>Yes</Returned></Row>
<Row><Order_ID>US-2018-127425</Order_ID> <Returned>Yes</Returned></Row>
<Row><Order_ID>US-2018-127425</Order_ID> <Returned>Yes</Returned></Row>
<Row><Order_ID>US-2018-131149</Order_ID> <Returned>Yes</Returned></Row>
<Row><Order_ID>US-2018-131149</Order_ID> <Returned>Yes</Returned></Row>
<Row><Order_ID>US-2018-135720</Order_ID> <Returned>Yes</Returned></Row>
<Row><Order_ID>US-2018-135720</Order_ID> <Returned>Yes</Returned></Row>
<Row><Order_ID>US-2018-135720</Order_ID> <Returned>Yes</Returned></Row>
<Row><Order_ID>US-2018-140172</Order_ID> <Returned>Yes</Returned></Row>
<Row><Order_ID>US-2018-140172</Order_ID> <Returned>Yes</Returned></Row>
<Row><Order_ID>US-2018-144057</Order_ID> <Returned>Yes</Returned></Row>
<Row><Order_ID>US-2018-144057</Order_ID> <Returned>Yes</Returned></Row>
<Row><Order_ID>US-2018-144057</Order_ID> <Returned>Yes</Returned></Row>
<Row><Order_ID>US-2018-144057</Order_ID> <Returned>Yes</Returned></Row>
<Row><Order_ID>US-2018-144057</Order_ID> <Returned>Yes</Returned></Row>
<Row><Order_ID>US-2018-148957</Order_ID> <Returned>Yes</Returned></Row>
<Row><Order_ID>US-2018-151827</Order_ID> <Returned>Yes</Returned></Row>
<Row><Order_ID>US-2018-151827</Order_ID> <Returned>Yes</Returned></Row>
<Row><Order_ID>US-2018-152051</Order_ID> <Returned>Yes</Returned></Row>
<Row><Order_ID>US-2018-152051</Order_ID> <Returned>Yes</Returned></Row>
<Row><Order_ID>US-2018-152051</Order_ID> <Returned>Yes</Returned></Row>
<Row><Order_ID>US-2018-156986</Order_ID> <Returned>Yes</Returned></Row>
<Row><Order_ID>US-2018-156986</Order_ID> <Returned>Yes</Returned></Row>
<Row><Order_ID>US-2018-156986</Order_ID> <Returned>Yes</Returned></Row>
<Row><Order_ID>US-2018-156986</Order_ID> <Returned>Yes</Returned></Row>
<Row><Order_ID>US-2018-157490</Order_ID> <Returned>Yes</Returned></Row>
<Row><Order_ID>US-2018-157490</Order_ID> <Returned>Yes</Returned></Row>
<Row><Order_ID>US-2018-157490</Order_ID> <Returned>Yes</Returned></Row>
<Row><Order_ID>US-2018-157490</Order_ID> <Returned>Yes</Returned></Row>
<Row><Order_ID>US-2019-103247</Order_ID> <Returned>Yes</Returned></Row>
<Row><Order_ID>US-2019-103247</Order_ID> <Returned>Yes</Returned></Row>
<Row><Order_ID>US-2019-103828</Order_ID> <Returned>Yes</Returned></Row>
<Row><Order_ID>US-2019-103828</Order_ID> <Returned>Yes</Returned></Row>
<Row><Order_ID>US-2019-103828</Order_ID> <Returned>Yes</Returned></Row>
<Row><Order_ID>US-2019-103828</Order_ID> <Returned>Yes</Returned></Row>
<Row><Order_ID>US-2019-105046</Order_ID> <Returned>Yes</Returned></Row>
<Row><Order_ID>US-2019-105046</Order_ID> <Returned>Yes</Returned></Row>
<Row><Order_ID>US-2019-105046</Order_ID> <Returned>Yes</Returned></Row>
<Row><Order_ID>US-2019-107888</Order_ID> <Returned>Yes</Returned></Row>
<Row><Order_ID>US-2019-107888</Order_ID> <Returned>Yes</Returned></Row>
<Row><Order_ID>US-2019-107888</Order_ID> <Returned>Yes</Returned></Row>
<Row><Order_ID>US-2019-107888</Order_ID> <Returned>Yes</Returned></Row>
<Row><Order_ID>US-2019-109253</Order_ID> <Returned>Yes</Returned></Row>
<Row><Order_ID>US-2019-109253</Order_ID> <Returned>Yes</Returned></Row>
<Row><Order_ID>US-2019-109253</Order_ID> <Returned>Yes</Returned></Row>
<Row><Order_ID>US-2019-109253</Order_ID> <Returned>Yes</Returned></Row>
<Row><Order_ID>US-2019-109253</Order_ID> <Returned>Yes</Returned></Row>
<Row><Order_ID>US-2019-109253</Order_ID> <Returned>Yes</Returned></Row>
<Row><Order_ID>US-2019-109253</Order_ID> <Returned>Yes</Returned></Row>
<Row><Order_ID>US-2019-118087</Order_ID> <Returned>Yes</Returned></Row>
<Row><Order_ID>US-2019-118087</Order_ID> <Returned>Yes</Returned></Row>
<Row><Order_ID>US-2019-118087</Order_ID> <Returned>Yes</Returned></Row>
<Row><Order_ID>US-2019-118087</Order_ID> <Returned>Yes</Returned></Row>
<Row><Order_ID>US-2019-118087</Order_ID> <Returned>Yes</Returned></Row>
<Row><Order_ID>US-2019-118087</Order_ID> <Returned>Yes</Returned></Row>
<Row><Order_ID>US-2019-118087</Order_ID> <Returned>Yes</Returned></Row>
<Row><Order_ID>US-2019-118087</Order_ID> <Returned>Yes</Returned></Row>
<Row><Order_ID>US-2019-123834</Order_ID> <Returned>Yes</Returned></Row>
<Row><Order_ID>US-2019-136679</Order_ID> <Returned>Yes</Returned></Row>
<Row><Order_ID>US-2019-136679</Order_ID> <Returned>Yes</Returned></Row>
<Row><Order_ID>US-2019-147886</Order_ID> <Returned>Yes</Returned></Row>
<Row><Order_ID>US-2019-147886</Order_ID> <Returned>Yes</Returned></Row>
<Row><Order_ID>US-2019-147886</Order_ID> <Returned>Yes</Returned></Row>
<Row><Order_ID>US-2019-147886</Order_ID> <Returned>Yes</Returned></Row>
<Row><Order_ID>US-2019-147886</Order_ID> <Returned>Yes</Returned></Row>
<Row><Order_ID>US-2019-147886</Order_ID> <Returned>Yes</Returned></Row>
<Row><Order_ID>US-2019-147886</Order_ID> <Returned>Yes</Returned></Row>
<Row><Order_ID>US-2019-147998</Order_ID> <Returned>Yes</Returned></Row>
<Row><Order_ID>US-2019-151127</Order_ID> <Returned>Yes</Returned></Row>
<Row><Order_ID>US-2019-155999</Order_ID> <Returned>Yes</Returned></Row>
<Row><Order_ID>US-2019-155999</Order_ID> <Returned>Yes</Returned></Row>
</Rows>
